{
    "products": [
        {
            "sku": "MW762",
            "price": 10900,
            "storage": "32GB",
            "description": "10.2 吋 iPad Wi-Fi 機型 32GB - 金色",
            "picture": "ipad_gold.png"
        },
        {
            "sku": "MW792",
            "price": 13900,
            "storage": "128GB",
            "description": "10.2 吋 iPad Wi-Fi 機型 128GB - 金色",
            "picture": "ipad_gold.png"
        },
        {
            "sku": "MW742",
            "price": 10900,
            "storage": "32GB",
            "description": "10.2 吋 iPad Wi-Fi 機型 32GB - 太空灰色",
            "picture": "ipad_space.png"
        },
        {
            "sku": "MW772",
            "price": 13900,
            "storage": "128GB",
            "description": "10.2 吋 iPad Wi-Fi 機型 128GB - 太空灰色",
            "picture": "ipad_space.png"
        },
        {
            "sku": "MW752",
            "price": 10900,
            "storage": "32GB",
            "description": "10.2 吋 iPad Wi-Fi 機型 32GB - 銀色",
            "picture": "ipad_silver.png"
        },
        {
            "sku": "MW782",
            "price": 13900,
            "storage": "128GB",
            "description": "10.2 吋 iPad Wi-Fi 機型 128GB - 銀色",
            "picture": "ipad_silver.png"
        },
        {
            "sku": "MW6D2",
            "price": 15400,
            "storage": "32GB",
            "description": "10.2 吋 iPad Wi-Fi + 行動網路機型 32GB - 金色",
            "picture": "ipad_gold.png"
        },
        {
            "sku": "MW6G2",
            "price": 18400,
            "storage": "128GB",
            "description": "10.2 吋 iPad Wi-Fi + 行動網路機型 128GB - 金色",
            "picture": "ipad_gold.png"
        },
        {
            "sku": "MW6A2",
            "price": 15400,
            "storage": "32GB",
            "description": "10.2 吋 iPad Wi-Fi + 行動網路機型 32GB - 太空灰色",
            "picture": "ipad_space.png"
        },
        {
            "sku": "MW6E2",
            "price": 18400,
            "storage": "128GB",
            "description": "10.2 吋 iPad Wi-Fi + 行動網路機型 128GB - 太空灰色",
            "picture": "ipad_space.png"
        },
        {
            "sku": "MW6C2",
            "price": 15400,
            "storage": "32GB",
            "description": "10.2 吋 iPad Wi-Fi + 行動網路機型 32GB - 銀色",
            "picture": "ipad_silver.png"
        },
        {
            "sku": "MW6F2",
            "price": 18400,
            "storage": "128GB",
            "description": "10.2 吋 iPad Wi-Fi + 行動網路機型 128GB - 銀色",
            "picture": "ipad_silver.png"
        }
    ]
}